[{
    
    "VILLA DEL ROSARIO": "N. DE SANTANDER",
    "SAN CALIXTO": "N. DE SANTANDER",
    "EL CARMEN": "N. DE SANTANDER",
    "VILLA CARO": "N. DE SANTANDER",
    "SAN CAYETANO": "N. DE SANTANDER",
    "LA ESPERANZA": "N. DE SANTANDER",
    "LOS PATIOS": "N. DE SANTANDER",
    "LA PLAYA": "N. DE SANTANDER",
    "PUERTO SANTANDER": "N. DE SANTANDER",
    "EL TARRA": "N. DE SANTANDER",
    "EL ZULIA": "N. DE SANTANDER",
    "ABREGO": "N. DE SANTANDER",
    "ARBOLEDAS": "N. DE SANTANDER",
    "BOCHALEMA": "N. DE SANTANDER",
    "BUCARASICA": "N. DE SANTANDER",
    "CACHIRA": "N. DE SANTANDER",
    "CACOTA": "N. DE SANTANDER",
    "CHINACOTA": "N. DE SANTANDER",
    "CHITAGA": "N. DE SANTANDER",
    "CONVENCION": "N. DE SANTANDER",
    "CUTA": "N. DE SANTANDER",
    "CUCUTILLA": "N. DE SANTANDER",
    "DURANIA": "N. DE SANTANDER",
    "GRAMALOTE": "N. DE SANTANDER",
    "HACARI": "N. DE SANTANDER",
    "HERRAN": "N. DE SANTANDER",
    "LABATECA": "N. DE SANTANDER",
    "LOURDES": "N. DE SANTANDER",
    "MUTISCUA": "N. DE SANTANDER",
    "OCANA": "N. DE SANTANDER",
    "PAMPLONA": "N. DE SANTANDER",
    "PAMPLONITA": "N. DE SANTANDER",
    "RAGONVALIA": "N. DE SANTANDER",
    "SALAZAR": "N. DE SANTANDER",
    "SANTIAGO": "N. DE SANTANDER",
    "SARDINATA": "N. DE SANTANDER",
    "SILOS": "N. DE SANTANDER",
    "TEORAMA": "N. DE SANTANDER",
    "TIBU": "N. DE SANTANDER",
    "TOLEDO": "N. DE SANTANDER"
},
{
    
    "EL RETORNO": "GUAVIARE",
    "CALAMAR": "GUAVIARE",
    "MIRAFLORES": "GUAVIARE"
},
{
    
    "CIENAGA DE ORO": "CORDOBA",
    "SAN ANDRES SOTAVENTO": "CORDOBA",
    "SAN ANTERO": "CORDOBA",
    "LA APARTADA": "CORDOBA",
    "SAN CARLOS": "CORDOBA",
    "LOS CORDOBAS": "CORDOBA",
    "PUERTO ESCONDIDO": "CORDOBA",
    "PUERTO LIBERTADOR": "CORDOBA",
    "PUEBLO NUEVO": "CORDOBA",
    "SAN PELAYO": "CORDOBA",
    "PLANETA RICA": "CORDOBA",
    "AYAPEL": "CORDOBA",
    "BUENAVISTA": "CORDOBA",
    "CANALETE": "CORDOBA",
    "CERETE": "CORDOBA",
    "CHIMA": "CORDOBA",
    "CHINU": "CORDOBA",
    "COTORRA": "CORDOBA",
    "LORICA": "CORDOBA",
    "MOMIL": "CORDOBA",
    "MONTELIBANO": "CORDOBA",
    "MONTERIA": "CORDOBA",
    "MONITOS": "CORDOBA",
    "PURISIMA": "CORDOBA",
    "SAHAGUN": "CORDOBA",
    "TIERRALTA": "CORDOBA",
    "VALENCIA": "CORDOBA"
},
{   
    "CARMEN DEL DARIEN": "CHOCO",
    "MEDIO SAN JUAN": "CHOCO",
    "MEDIO ATRATO": "CHOCO",
    "ALTO BAUDO": "CHOCO",
    "BAJO BAUDO": "CHOCO",
    "MEDIO BAUDO": "CHOCO",
    "RIO IRO": "CHOCO",
    "UNION PANAMERICANA": "CHOCO",
    "RIO QUITO": "CHOCO",
    "BAHIA SOLANO": "CHOCO",
    "ACANDI": "CHOCO",
    "ATRATO": "CHOCO",
    "BAGADO": "CHOCO",
    "BOJAYA": "CHOCO",
    "CERTEGUI": "CHOCO",
    "CONDOTO": "CHOCO",
    "ISTMINA": "CHOCO",
    "JURADO": "CHOCO",
    "LLORO": "CHOCO",
    "NOVITA": "CHOCO",
    "NUQUI": "CHOCO",
    "QUIBDO": "CHOCO",
    "RIOSUCIO": "CHOCO",
    "SIPI": "CHOCO",
    "TADO": "CHOCO",
    "UNGUIA": "CHOCO"
},
{
    "RIO DE ORO": "CESAR",
    "SAN ALBERTO": "CESAR",
    "PUEBLO BELLO": "CESAR",
    "AGUSTIN CODAZZI": "CESAR",
    "EL COPEY": "CESAR",
    "SAN DIEGO": "CESAR",
    "LA GLORIA": "CESAR",
    "SAN MARTIN": "CESAR",
    "EL PASO": "CESAR",
    "LA PAZ": "CESAR",
    "AGUACHICA": "CESAR",
    "ASTREA": "CESAR",
    "BECERRIL": "CESAR",
    "BOSCONIA": "CESAR",
    "CHIMICHAGUA": "CESAR",
    "CHIRIGUANA": "CESAR",
    "CURUMANI": "CESAR",
    "GAMARRA": "CESAR",
    "GONZALEZ": "CESAR",
    "MANAURE": "CESAR",
    "PAILITAS": "CESAR",
    "PELAYA": "CESAR",
    "TAMALAMEQUE": "CESAR",
    "VALLEDUPAR": "CESAR"
},
{
    
    "SANTANDER DE QUILICHAO": "CAUCA",  
    "BUENOS AIRES": "CAUCA",
    "VILLA RICA": "CAUCA",
    "SANTA ROSA": "CAUCA",
    "SAN SEBASTIAN": "CAUCA",
    "LA SIERRA": "CAUCA",
    "EL TAMBO": "CAUCA",
    "PUERTO TEJADA": "CAUCA",
    "LA VEGA": "CAUCA",
    "ALMAGUER": "CAUCA",
    "ARGELIA": "CAUCA",
    "BALBOA": "CAUCA",
    "BOLIVAR": "CAUCA",
    "CAJIBIO": "CAUCA",
    "CALDONO": "CAUCA",
    "CALOTO": "CAUCA",
    "CORINTO": "CAUCA",
    "FLORENCIA": "CAUCA",
    "GUACHENE": "CAUCA",
    "GUAPI": "CAUCA",
    "INZA": "CAUCA",
    "JAMBALO": "CAUCA",
    "LOPEZ": "CAUCA",
    "MERCADERES": "CAUCA",
    "MIRANDA": "CAUCA",
    "MORALES": "CAUCA",
    "PADILLA": "CAUCA",
    "PAEZ": "CAUCA",
    "PATIA": "CAUCA",
    "PIAMONTE": "CAUCA",
    "PIENDAMO": "CAUCA",
    "POPAYAN": "CAUCA",
    "PURACE": "CAUCA",
    "ROSAS": "CAUCA",
    "SILVIA": "CAUCA",
    "SOTARA": "CAUCA",
    "SUAREZ": "CAUCA",
    "TIMBIO": "CAUCA",
    "TIMBIQUI": "CAUCA",
    "TORIBIO": "CAUCA",
    "TOTORO": "CAUCA"
},
{
    
    "PAZ DE ARIPORO": "CASANARE",
    "HATO COROZAL": "CASANARE",
    "LA SALINA": "CASANARE",
    "AGUAZUL": "CASANARE",
    "CHAMEZA": "CASANARE",
    "MANI": "CASANARE",
    "MONTERREY": "CASANARE",
    "NUNCHIA": "CASANARE",
    "OROCUE": "CASANARE",
    "PORE": "CASANARE",
    "RECETOR": "CASANARE",
    "SABANALARGA": "CASANARE",
    "SACAMA": "CASANARE",
    "TAMARA": "CASANARE",
    "TAURAMENA": "CASANARE",
    "TRINIDAD": "CASANARE",
    "VILLANUEVA": "CASANARE",
    "YOPAL": "CASANARE"
},
{
    "CRAVO NORTE": "ARAUCA",
    "PUERTO RONDON": "ARAUCA",
    "ARAUCA": "ARAUCA",
    "ARAUQUITA": "ARAUCA",
    "FORTUL": "ARAUCA",
    "SARAVENA": "ARAUCA",
    "TAME": "ARAUCA"
},
{

    "BOGO": "CUNDINAMARCA",
    "CUNDINAMARCA": "CUNDINAMARCA",
    "20 DE JUL": "CUNDINAMARCA",
    "SOACHA": "CUNDINAMARCA",
    "URIB": "CUNDINAMARCA",
    "ZIPA": "CUNDINAMARCA",
    "FACATATI": "CUNDINAMARCA",
    "COTA": "CUNDINAMARCA",
    "CHIA": "CUNDINAMARCA",
    "CHÍA": "CUNDINAMARCA",
    "CARMEN DE CARUPA": "CUNDINAMARCA",
    "AGUA DE DIOS": "CUNDINAMARCA",
    "GUAYABAL DE SIQUIMA": "CUNDINAMARCA",
    "SAN BERNARDO": "CUNDINAMARCA",
    "LA CALERA": "CUNDINAMARCA",
    "SAN CAYETANO": "CUNDINAMARCA",
    "EL COLEGIO": "CUNDINAMARCA",
    "SAN FRANCISCO": "CUNDINAMARCA",
    "LA MESA": "CUNDINAMARCA",
    "LA PALMA": "CUNDINAMARCA",
    "LA PENA": "CUNDINAMARCA",
    "EL PENON": "CUNDINAMARCA",
    "EL ROSAL": "CUNDINAMARCA",
    "PUERTO SALGAR": "CUNDINAMARCA",
    "LA VEGA": "CUNDINAMARCA",
    "ALBAN": "CUNDINAMARCA",
    "ANAPOIMA": "CUNDINAMARCA",
    "ANOLAIMA": "CUNDINAMARCA",
    "APULO": "CUNDINAMARCA",
    "ARBELAEZ": "CUNDINAMARCA",
    "BELTRAN": "CUNDINAMARCA",
    "BITUIMA": "CUNDINAMARCA",
    "BOJACA": "CUNDINAMARCA",
    "CABRERA": "CUNDINAMARCA",
    "CACHIPAY": "CUNDINAMARCA",
    "CAJICA": "CUNDINAMARCA",
    "CAPARRAPI": "CUNDINAMARCA",
    "CAQUEZA": "CUNDINAMARCA",
    "CHAGUANI": "CUNDINAMARCA"
},
{
    "QUEBRADANEGRA": "CUNDINAMARCA",
    "QUETAME": "CUNDINAMARCA",
    "QUIPILE": "CUNDINAMARCA",
    "RICAURTE": "CUNDINAMARCA",
    "SASAIMA": "CUNDINAMARCA",
    "SESQUILE": "CUNDINAMARCA",
    "SIBATE": "CUNDINAMARCA",
    "SILVANIA": "CUNDINAMARCA",
    "SIMIJACA": "CUNDINAMARCA",
    "SOACHA": "CUNDINAMARCA",
    "SOPO": "CUNDINAMARCA",
    "SUBACHOQUE": "CUNDINAMARCA",
    "SUESCA": "CUNDINAMARCA",
    "SUPATA": "CUNDINAMARCA",
    "SUSA": "CUNDINAMARCA",
    "SUTATAUSA": "CUNDINAMARCA",
    "TABIO": "CUNDINAMARCA",
    "TAUSA": "CUNDINAMARCA",
    "TENA": "CUNDINAMARCA",
    "TENJO": "CUNDINAMARCA",
    "TIBACUY": "CUNDINAMARCA",
    "TIBIRITA": "CUNDINAMARCA",
    "TOCAIMA": "CUNDINAMARCA",
    "TOCANCIPA": "CUNDINAMARCA",
    "TOPAIPI": "CUNDINAMARCA",
    "UBALA": "CUNDINAMARCA",
    "UBAQUE": "CUNDINAMARCA",
    "UNE": "CUNDINAMARCA",
    "UTICA": "CUNDINAMARCA",
    "VENECIA": "CUNDINAMARCA",
    "VERGARA": "CUNDINAMARCA",
    "VIANI": "CUNDINAMARCA",
    "VILLAGOMEZ": "CUNDINAMARCA",
    "VILLAPINZON": "CUNDINAMARCA",
    "VILLETA": "CUNDINAMARCA",
    "VIOTA": "CUNDINAMARCA",
    "YACOPI": "CUNDINAMARCA",
    "ZIPACON": "CUNDINAMARCA"
},
{
    
    "CHIA": "CUNDINAMARCA",
    "CHIPAQUE": "CUNDINAMARCA",
    "CHOACHI": "CUNDINAMARCA",
    "CHOCONTA": "CUNDINAMARCA",
    "COGUA": "CUNDINAMARCA",
    "COTA": "CUNDINAMARCA",
    "CUCUNUBA": "CUNDINAMARCA",
    "FACATATIVA": "CUNDINAMARCA",
    "FOMEQUE": "CUNDINAMARCA",
    "FOSCA": "CUNDINAMARCA",
    "FUNZA": "CUNDINAMARCA",
    "FUQUENE": "CUNDINAMARCA",
    "FUSAGASUGA": "CUNDINAMARCA",
    "GACHALA": "CUNDINAMARCA",
    "GACHANCIPA": "CUNDINAMARCA",
    "GACHETA": "CUNDINAMARCA",
    "GAMA": "CUNDINAMARCA",
    "GIRARDOT": "CUNDINAMARCA",
    "GRANADA": "CUNDINAMARCA",
    "GUACHETA": "CUNDINAMARCA",
    "GUADUAS": "CUNDINAMARCA",
    "GUASCA": "CUNDINAMARCA",
    "GUATAQUI": "CUNDINAMARCA",
    "GUATAVITA": "CUNDINAMARCA",
    "GUAYABETAL": "CUNDINAMARCA",
    "GUTIERREZ": "CUNDINAMARCA",
    "JERUSALEN": "CUNDINAMARCA",
    "JUNIN": "CUNDINAMARCA",
    "LENGUAZAQUE": "CUNDINAMARCA",
    "MACHETA": "CUNDINAMARCA",
    "MADRID": "CUNDINAMARCA",
    "MANTA": "CUNDINAMARCA",
    "MEDINA": "CUNDINAMARCA",
    "MOSQUERA": "CUNDINAMARCA",
    "NARINO": "CUNDINAMARCA",
    "NEMOCON": "CUNDINAMARCA",
    "NILO": "CUNDINAMARCA",
    "NIMAIMA": "CUNDINAMARCA",
    "NOCAIMA": "CUNDINAMARCA",
    "PACHO": "CUNDINAMARCA",
    "PAIME": "CUNDINAMARCA",
    "PANDI": "CUNDINAMARCA",
    "PARATEBUENO": "CUNDINAMARCA",
    "PASCA": "CUNDINAMARCA",
    "PULI": "CUNDINAMARCA"
},
{
    "CAUC": "VALLE DEL CAUCA",
    "VALLE": "VALLE DEL CAUCA",
    "CALI": "VALLE DEL CAUCA",
    "JAMUND": "VALLE DEL CAUCA",
    "FLORID": "VALLE DEL CAUCA",
    "GUADALAJARA DE BUGA": "VALLE DEL CAUCA",
    "EL AGUILA": "VALLE DEL CAUCA",
    "EL CAIRO": "VALLE DEL CAUCA",
    "EL CERRITO": "VALLE DEL CAUCA",
    "LA CUMBRE": "VALLE DEL CAUCA",
    "EL DOVIO": "VALLE DEL CAUCA",
    "SAN PEDRO": "VALLE DEL CAUCA",
    "LA UNION": "VALLE DEL CAUCA",
    "LA VICTORIA": "VALLE DEL CAUCA",
    "ALCALA": "VALLE DEL CAUCA",
    "ANDALUCIA": "VALLE DEL CAUCA",
    "ANSERMANUEVO": "VALLE DEL CAUCA",
    "ARGELIA": "VALLE DEL CAUCA",
    "BOLIVAR": "VALLE DEL CAUCA",
    "BUENAVENTURA": "VALLE DEL CAUCA",
    "BUGALAGRANDE": "VALLE DEL CAUCA",
    "CAICEDONIA": "VALLE DEL CAUCA",
    "CALIMA": "VALLE DEL CAUCA",
    "CANDELARIA": "VALLE DEL CAUCA",
    "CARTAGO": "VALLE DEL CAUCA",
    "DAGUA": "VALLE DEL CAUCA",
    "FLORIDA": "VALLE DEL CAUCA",
    "GINEBRA": "VALLE DEL CAUCA",
    "GUACARI": "VALLE DEL CAUCA",
    "JAMUNDI": "VALLE DEL CAUCA",
    "OBANDO": "VALLE DEL CAUCA",
    "PALMIRA": "VALLE DEL CAUCA",
    "PRADERA": "VALLE DEL CAUCA",
    "RESTREPO": "VALLE DEL CAUCA",
    "RIOFRIO": "VALLE DEL CAUCA",
    "ROLDANILLO": "VALLE DEL CAUCA",
    "SEVILLA": "VALLE DEL CAUCA",
    "TORO": "VALLE DEL CAUCA",
    "TRUJILLO": "VALLE DEL CAUCA",
    "TULUA": "VALLE DEL CAUCA",
    "ULLOA": "VALLE DEL CAUCA",
    "VERSALLES": "VALLE DEL CAUCA",
    "VIJES": "VALLE DEL CAUCA",
    "YOTOCO": "VALLE DEL CAUCA",
    "YUMBO": "VALLE DEL CAUCA",
    "ZARZAL": "VALLE DEL CAUCA"
},
{
    
    "ANTIOQUIA": "ANTIOQUIA",
    "MEDELLIN": "ANTIOQUIA",
    "ABEJORRAL": "ANTIOQUIA",
    "ABRIAQUI": "ANTIOQUIA",
    "ALEJANDRIA": "ANTIOQUIA",
    "AMAGA": "ANTIOQUIA",
    "AMALFI": "ANTIOQUIA",
    "ANDES": "ANTIOQUIA",
    "ANGELOPOLIS": "ANTIOQUIA",
    "ANGOSTURA": "ANTIOQUIA",
    "ANORI": "ANTIOQUIA",
    "ANZA": "ANTIOQUIA",
    "APARTADO": "ANTIOQUIA"
},
{
    
    "ANTIOQUIA": "ANTIOQUIA",
    "SANTAFE DE ANTIOQUIA": "ANTIOQUIA",
    "VIGIA DEL FUERTE": "ANTIOQUIA",
    "EL BAGRE": "ANTIOQUIA",
    "SANTA BARBARA": "ANTIOQUIA",
    "PUERTO BERRIO": "ANTIOQUIA",
    "CIUDAD BOLIVAR": "ANTIOQUIA",
    "SAN CARLOS": "ANTIOQUIA",
    "LA CEJA": "ANTIOQUIA",
    "SANTO DOMINGO": "ANTIOQUIA",
    "LA ESTRELLA": "ANTIOQUIA",
    "SAN FRANCISCO": "ANTIOQUIA",
    "SAN JERONIMO": "ANTIOQUIA",
    "SAN LUIS": "ANTIOQUIA",
    "DON MATIAS": "ANTIOQUIA",
    "PUERTO NARE": "ANTIOQUIA",
    "SAN PEDRO": "ANTIOQUIA",
    "LA PINTADA": "ANTIOQUIA",
    "GOMEZ PLATA": "ANTIOQUIA",
    "SAN RAFAEL": "ANTIOQUIA",
    "SAN ROQUE": "ANTIOQUIA",
    "EL SANTUARIO": "ANTIOQUIA",
    "PUERTO TRIUNFO": "ANTIOQUIA",
    "LA UNION": "ANTIOQUIA",
    "SAN VICENTE": "ANTIOQUIA",
    "ABEJORRAL": "ANTIOQUIA",
    "ABRIAQUI": "ANTIOQUIA",
    "ALEJANDRIA": "ANTIOQUIA",
    "AMAGA": "ANTIOQUIA",
    "AMALFI": "ANTIOQUIA",
    "ANDES": "ANTIOQUIA",
    "ANGELOPOLIS": "ANTIOQUIA",
    "ANGOSTURA": "ANTIOQUIA",
    "ANORI": "ANTIOQUIA",
    "ANZA": "ANTIOQUIA",
    "APARTADO": "ANTIOQUIA",
    "ARBOLETES": "ANTIOQUIA",
    "ARGELIA": "ANTIOQUIA",
    "ARMENIA": "ANTIOQUIA",
    "BARBOSA": "ANTIOQUIA",
    "BELLO": "ANTIOQUIA",
    "BELMIRA": "ANTIOQUIA",
    "BETANIA": "ANTIOQUIA",
    "BETULIA": "ANTIOQUIA",
    "BRICENO": "ANTIOQUIA",
    "BURITICA": "ANTIOQUIA",
    "CACERES": "ANTIOQUIA",
    "CAICEDO": "ANTIOQUIA",
    "CALDAS": "ANTIOQUIA",
    "CAMPAMENTO": "ANTIOQUIA"
},
{
    "MEDELLIN": "ANTIOQUIA",
    "MONTEBELLO": "ANTIOQUIA",
    "MURINDO": "ANTIOQUIA",
    "MUTATA": "ANTIOQUIA",
    "NECHI": "ANTIOQUIA",
    "NECOCLI": "ANTIOQUIA",
    "OLAYA": "ANTIOQUIA",
    "PEÐOL": "ANTIOQUIA",
    "PEQUE": "ANTIOQUIA",
    "PUEBLORRICO": "ANTIOQUIA",
    "REMEDIOS": "ANTIOQUIA",
    "RETIRO": "ANTIOQUIA",
    "RIONEGRO": "ANTIOQUIA",
    "SABANALARGA": "ANTIOQUIA",
    "SABANETA": "ANTIOQUIA",
    "SALGAR": "ANTIOQUIA",
    "SEGOVIA": "ANTIOQUIA",
    "SONSON": "ANTIOQUIA",
    "SOPETRAN": "ANTIOQUIA",
    "TAMESIS": "ANTIOQUIA",
    "TARAZA": "ANTIOQUIA",
    "TARSO": "ANTIOQUIA",
    "TITIRIBI": "ANTIOQUIA",
    "TOLEDO": "ANTIOQUIA",
    "TURBO": "ANTIOQUIA",
    "URAMITA": "ANTIOQUIA",
    "URRAO": "ANTIOQUIA",
    "VALDIVIA": "ANTIOQUIA",
    "VALPARAISO": "ANTIOQUIA",
    "VEGACHI": "ANTIOQUIA",
    "VENECIA": "ANTIOQUIA",
    "YALI": "ANTIOQUIA",
    "YARUMAL": "ANTIOQUIA",
    "YOLOMBO": "ANTIOQUIA",
    "YONDO": "ANTIOQUIA",
    "ZARAGOZA": "ANTIOQUIA",
    "BARRAN": "ANTIOQUIA",
    "RDOBA": "ANTIOQUIA",
    "MEDEL": "ANTIOQUIA",
    "EL PE": "ANTIOQUIA"
},
{
    "CANASGORDAS": "ANTIOQUIA",
    "CARACOLI": "ANTIOQUIA",
    "CARAMANTA": "ANTIOQUIA",
    "CAREPA": "ANTIOQUIA",
    "CAROLINA": "ANTIOQUIA",
    "CAUCASIA": "ANTIOQUIA",
    "CHIGORODO": "ANTIOQUIA",
    "CISNEROS": "ANTIOQUIA",
    "COCORNA": "ANTIOQUIA",
    "CONCEPCION": "ANTIOQUIA",
    "CONCORDIA": "ANTIOQUIA",
    "COPACABANA": "ANTIOQUIA",
    "DABEIBA": "ANTIOQUIA",
    "EBEJICO": "ANTIOQUIA",
    "ENTRERRIOS": "ANTIOQUIA",
    "ENVIGADO": "ANTIOQUIA",
    "FREDONIA": "ANTIOQUIA",
    "FRONTINO": "ANTIOQUIA",
    "GIRALDO": "ANTIOQUIA",
    "GIRARDOTA": "ANTIOQUIA",
    "GRANADA": "ANTIOQUIA",
    "GUADALUPE": "ANTIOQUIA",
    "GUARNE": "ANTIOQUIA",
    "GUATAPE": "ANTIOQUIA",
    "HELICONIA": "ANTIOQUIA",
    "HISPANIA": "ANTIOQUIA",
    "ITAGUI": "ANTIOQUIA",
    "ITUANGO": "ANTIOQUIA",
    "JARDIN": "ANTIOQUIA",
    "JERICO": "ANTIOQUIA",
    "LIBORINA": "ANTIOQUIA",
    "MACEO": "ANTIOQUIA",
    "MARINILLA": "ANTIOQUIA"
},
{
    "CERRO SAN ANTONIO": "MAGDALENA",
    "PIJINO DEL CARMEN": "MAGDALENA",
    "SANTA ANA": "MAGDALENA",
    "ZONA BANANERA": "MAGDALENA",
    "EL BANCO": "MAGDALENA",
    "NUEVA GRANADA": "MAGDALENA",
    "SANTA MARTA": "MAGDALENA",
    "EL PINON": "MAGDALENA",
    "EL RETEN": "MAGDALENA",
    "SAN ZENON": "MAGDALENA",
    "ALGARROBO": "MAGDALENA",
    "ARACATACA": "MAGDALENA",
    "ARIGUANI": "MAGDALENA",
    "CHIBOLO": "MAGDALENA",
    "CIENAGA": "MAGDALENA",
    "CONCORDIA": "MAGDALENA",
    "FUNDACION": "MAGDALENA",
    "GUAMAL": "MAGDALENA",
    "PEDRAZA": "MAGDALENA",
    "PIVIJAY": "MAGDALENA",
    "PLATO": "MAGDALENA",
    "PUEBLOVIEJO": "MAGDALENA",
    "REMOLINO": "MAGDALENA",
    "SALAMINA": "MAGDALENA",
    "SITIONUEVO": "MAGDALENA",
    "TENERIFE": "MAGDALENA",
    "ZAPAYAN": "MAGDALENA"
},
{
    "EL MOLINO": "LA GUAJIRA",
    "ALBANIA": "LA GUAJIRA",
    "BARRANCAS": "LA GUAJIRA",
    "DIBULLA": "LA GUAJIRA",
    "DISTRACCION": "LA GUAJIRA",
    "FONSECA": "LA GUAJIRA",
    "HATONUEVO": "LA GUAJIRA",
    "MAICAO": "LA GUAJIRA",
    "MANAURE": "LA GUAJIRA",
    "RIOHACHA": "LA GUAJIRA",
    "URIBIA": "LA GUAJIRA",
    "URUMITA": "LA GUAJIRA",
    "VILLANUEVA": "LA GUAJIRA"
},
{
    "ATLANTICO": "ATLANTICO",
    "BOLIVAR": "ATLANTICO",
    "CESAR": "ATLANTICO"
},
{
    "LA TEBAIDA": "QUINDIO",
    "ARMENIA": "QUINDIO",
    "BUENAVISTA": "QUINDIO",
    "CALARCA": "QUINDIO",
    "CIRCASIA": "QUINDIO",
    "CORDOBA": "QUINDIO",
    "FILANDIA": "QUINDIO",
    "GENOVA": "QUINDIO",
    "MONTENEGRO": "QUINDIO",
    "PIJAO": "QUINDIO",
    "QUIMBAYA": "QUINDIO",
    "SALENTO": "QUINDIO"
},
{
    "BELEN DE UMBRIA": "RISARALDA",
    "LA CELIA": "RISARALDA",
    "PUEBLO RICO": "RISARALDA",
    "LA VIRGINIA": "RISARALDA",
    "APIA": "RISARALDA",
    "BALBOA": "RISARALDA",
    "DOSQUEBRADAS": "RISARALDA",
    "GUATICA": "RISARALDA",
    "MARSELLA": "RISARALDA",
    "MISTRATO": "RISARALDA",
    "PEREIRA": "RISARALDA",
    "QUINCHIA": "RISARALDA",
    "SANTUARIO": "RISARALDA"
},
{
    "CALDAS": "CALDAS",
    "QUINDIO": "CALDAS",
    "RISARALDA": "CALDAS"
}, 
{
    "SAN BENITO ABAD": "SUCRE",
    "SANTIAGO DE TOLU": "SUCRE",
    "SAN MARCOS": "SUCRE",
    "SAN ONOFRE": "SUCRE",
    "LOS PALMITOS": "SUCRE",
    "SAN PEDRO": "SUCRE",
    "EL ROBLE": "SUCRE",
    "LA UNION": "SUCRE",
    "TOLU VIEJO": "SUCRE",
    "BUENAVISTA": "SUCRE",
    "CAIMITO": "SUCRE",
    "CHALAN": "SUCRE",
    "COLOSO": "SUCRE",
    "COROZAL": "SUCRE",
    "COVENAS": "SUCRE",
    "GALERAS": "SUCRE",
    "GUARANDA": "SUCRE",
    "MAJAGUAL": "SUCRE",
    "MORROA": "SUCRE",
    "OVEJAS": "SUCRE",
    "PALMITO": "SUCRE",
    "SAMPUES": "SUCRE",
    "SINCELEJO": "SUCRE",
    "SUCRE": "SUCRE"
},
{
    "ARAUCA": "SANTANDER",
    "NORTE DE SANTANDER": "SANTANDER",
    "SANTANDER": "SANTANDER",
    "CUCUTA": "SANTANDER",
    "PALMAS DEL SOCORRO": "SANTANDER",
    "SABANA DE TORRES": "SANTANDER",
    "SANTA BARBARA": "SANTANDER",
    "LA BELLEZA": "SANTANDER",
    "SAN BENITO": "SANTANDER",
    "SAN GIL": "SANTANDER",
    "EL GUACAMAYO": "SANTANDER",
    "SAN JOAQUIN": "SANTANDER",
    "JESUS MARIA": "SANTANDER",
    "SAN MIGUEL": "SANTANDER",
    "PUENTE NACIONAL": "SANTANDER",
    "PUERTO PARRA": "SANTANDER",
    "LA PAZ": "SANTANDER",
    "EL PENON": "SANTANDER",
    "EL PLAYON": "SANTANDER",
    "LOS SANTOS": "SANTANDER",
    "PUERTO WILCHES": "SANTANDER",
    "AGUADA": "SANTANDER",
    "ALBANIA": "SANTANDER",
    "ARATOCA": "SANTANDER",
    "BARBOSA": "SANTANDER",
    "BARICHARA": "SANTANDER",
    "BARRANCABERMEJA": "SANTANDER",
    "BETULIA": "SANTANDER",
    "BUCARAMANGA": "SANTANDER",
    "CABRERA": "SANTANDER",
    "CALIFORNIA": "SANTANDER",
    "CAPITANEJO": "SANTANDER",
    "CARCASI": "SANTANDER",
    "CEPITA": "SANTANDER",
    "CERRITO": "SANTANDER",
    "CHARALA": "SANTANDER",
    "CHARTA": "SANTANDER",
    "CHIMA": "SANTANDER",
    "CHIPATA": "SANTANDER",
    "CIMITARRA": "SANTANDER",
    "CONCEPCION": "SANTANDER",
    "CONFINES": "SANTANDER",
    "CONTRATACION": "SANTANDER",
    "COROMORO": "SANTANDER",
    "CURITI": "SANTANDER",
    "ENCINO": "SANTANDER",
    "ENCISO": "SANTANDER",
    "FLORIAN": "SANTANDER",
    "FLORIDABLANCA": "SANTANDER",
    "GALAN": "SANTANDER",
    "GAMBITA": "SANTANDER",
    "GIRON": "SANTANDER",
    "GsEPSA": "SANTANDER",
    "GUACA": "SANTANDER",
    "GUADALUPE": "SANTANDER",
    "GUAPOTA": "SANTANDER",
    "GUAVATA": "SANTANDER",
    "HATO": "SANTANDER",
    "JORDAN": "SANTANDER",
    "LANDAZURI": "SANTANDER",
    "LEBRIJA": "SANTANDER",
    "MACARAVITA": "SANTANDER",
    "MALAGA": "SANTANDER",
    "MATANZA": "SANTANDER",
    "MOGOTES": "SANTANDER",
    "MOLAGAVITA": "SANTANDER",
    "OCAMONTE": "SANTANDER",
    "OIBA": "SANTANDER",
    "ONZAGA": "SANTANDER",
    "PALMAR": "SANTANDER",
    "PARAMO": "SANTANDER",
    "PIEDECUESTA": "SANTANDER",
    "PINCHOTE": "SANTANDER",
    "RIONEGRO": "SANTANDER",
    "SIMACOTA": "SANTANDER",
    "SOCORRO": "SANTANDER",
    "SUAITA": "SANTANDER",
    "SURATA": "SANTANDER",
    "TONA": "SANTANDER",
    "VELEZ": "SANTANDER",
    "VETAS": "SANTANDER",
    "VILLANUEVA": "SANTANDER",
    "ZAPATOCA": "SANTANDER"
},
{
    "CARTAGENA DEL CHAIRA": "CAQUETA",
    "EL DONCELLO": "CAQUETA",
    "LA MONTANITA": "CAQUETA",
    "EL PAUJIL": "CAQUETA",
    "PUERTO RICO": "CAQUETA",
    "ALBANIA": "CAQUETA",
    "CURILLO": "CAQUETA",
    "FLORENCIA": "CAQUETA",
    "MILAN": "CAQUETA",
    "MORELIA": "CAQUETA",
    "SOLANO": "CAQUETA",
    "SOLITA": "CAQUETA",
    "VALPARAISO": "CAQUETA"
},
{
    "LA DORADA": "CALDAS",
    "SAN JOSE": "CALDAS",
    "LA MERCED": "CALDAS",
    "AGUADAS": "CALDAS",
    "ANSERMA": "CALDAS",
    "ARANZAZU": "CALDAS",
    "BELALCAZAR": "CALDAS",
    "CHINCHINA": "CALDAS",
    "FILADELFIA": "CALDAS",
    "MANIZALES": "CALDAS",
    "MANZANARES": "CALDAS",
    "MARMATO": "CALDAS",
    "MARQUETALIA": "CALDAS",
    "MARULANDA": "CALDAS",
    "NEIRA": "CALDAS",
    "NORCASIA": "CALDAS",
    "PACORA": "CALDAS",
    "PALESTINA": "CALDAS",
    "PENSILVANIA": "CALDAS",
    "RIOSUCIO": "CALDAS",
    "RISARALDA": "CALDAS",
    "SALAMINA": "CALDAS",
    "SAMANA": "CALDAS",
    "SUPIA": "CALDAS",
    "VICTORIA": "CALDAS",
    "VILLAMARIA": "CALDAS",
    "VITERBO": "CALDAS"
},
{
    "SAN ANDRES": "SAN ANDRES",
    "PROVIDENCIA": "SAN ANDRES"
},
{
    "VILLA DE LEYVA": "BOYACA",
    "PAZ DE RIO": "BOYACA",
    "PUERTO BOYACA": "BOYACA",
    "LA CAPILLA": "BOYACA",
    "EL COCUY": "BOYACA",
    "NUEVO COLON": "BOYACA",
    "SAN EDUARDO": "BOYACA",
    "EL ESPINO": "BOYACA",
    "SANTA MARIA": "BOYACA",
    "SAN MATEO": "BOYACA",
    "SANTA SOFIA": "BOYACA",
    "LA UVITA": "BOYACA",
    "LA VICTORIA": "BOYACA",
    "ALMEIDA": "BOYACA",
    "AQUITANIA": "BOYACA",
    "ARCABUCO": "BOYACA",
    "BELEN": "BOYACA",
    "BERBEO": "BOYACA",
    "BETEITIVA": "BOYACA",
    "BOAVITA": "BOYACA",
    "BOYACA": "BOYACA",
    "BRICENO": "BOYACA",
    "BUENAVISTA": "BOYACA",
    "BUSBANZA": "BOYACA",
    "CALDAS": "BOYACA",
    "CAMPOHERMOSO": "BOYACA",
    "CERINZA": "BOYACA",
    "CHINAVITA": "BOYACA",
    "CHIQUINQUIRA": "BOYACA",
    "CHIQUIZA": "BOYACA",
    "CHISCAS": "BOYACA",
    "CHITA": "BOYACA",
    "CHITARAQUE": "BOYACA",
    "CHIVATA": "BOYACA",
    "CHIVOR": "BOYACA",
    "CIENEGA": "BOYACA",
    "COMBITA": "BOYACA",
    "COPER": "BOYACA",
    "CORRALES": "BOYACA",
    "COVARACHIA": "BOYACA",
    "CUBARA": "BOYACA",
    "CUCAITA": "BOYACA",
    "CUITIVA": "BOYACA",
    "DUITAMA": "BOYACA",
    "FIRAVITOBA": "BOYACA",
    "FLORESTA": "BOYACA",
    "GACHANTIVA": "BOYACA",
    "GAMEZA": "BOYACA",
    "GARAGOA": "BOYACA",
    "GsICAN": "BOYACA",
    "GUACAMAYAS": "BOYACA",
    "GUATEQUE": "BOYACA",
    "GUAYATA": "BOYACA",
    "IZA": "BOYACA",
    "JENESANO": "BOYACA",
    "JERICO": "BOYACA",
    "LABRANZAGRANDE": "BOYACA"
},
{
    "MACANAL": "BOYACA",
    "MARIPI": "BOYACA",
    "MIRAFLORES": "BOYACA",
    "MONGUA": "BOYACA",
    "MONGUI": "BOYACA",
    "MONIQUIRA": "BOYACA",
    "MOTAVITA": "BOYACA",
    "MUZO": "BOYACA",
    "NOBSA": "BOYACA",
    "OICATA": "BOYACA",
    "OTANCHE": "BOYACA",
    "PACHAVITA": "BOYACA",
    "PAEZ": "BOYACA",
    "PAIPA": "BOYACA",
    "PAJARITO": "BOYACA",
    "PANQUEBA": "BOYACA",
    "PAUNA": "BOYACA",
    "PAYA": "BOYACA",
    "PESCA": "BOYACA",
    "PISBA": "BOYACA",
    "QUIPAMA": "BOYACA",
    "RAMIRIQUI": "BOYACA",
    "RAQUIRA": "BOYACA",
    "RONDON": "BOYACA",
    "SABOYA": "BOYACA",
    "SACHICA": "BOYACA",
    "SAMACA": "BOYACA",
    "SANTANA": "BOYACA",
    "SATIVANORTE": "BOYACA",
    "SATIVASUR": "BOYACA",
    "SIACHOQUE": "BOYACA",
    "SOATA": "BOYACA",
    "SOCHA": "BOYACA",
    "SOCOTA": "BOYACA",
    "SOGAMOSO": "BOYACA",
    "SOMONDOCO": "BOYACA",
    "SORA": "BOYACA",
    "SORACA": "BOYACA",
    "SOTAQUIRA": "BOYACA",
    "SUSACON": "BOYACA",
    "SUTAMARCHAN": "BOYACA",
    "SUTATENZA": "BOYACA",
    "TASCO": "BOYACA",
    "TENZA": "BOYACA",
    "TIBANA": "BOYACA",
    "TIBASOSA": "BOYACA",
    "TINJACA": "BOYACA",
    "TIPACOQUE": "BOYACA",
    "TOCA": "BOYACA",
    "TOGsI": "BOYACA",
    "TOPAGA": "BOYACA",
    "TOTA": "BOYACA",
    "TUNJA": "BOYACA",
    "TUNUNGUA": "BOYACA",
    "TURMEQUE": "BOYACA",
    "TUTA": "BOYACA",
    "TUTAZA": "BOYACA",
    "UMBITA": "BOYACA",
    "VENTAQUEMADA": "BOYACA",
    "VIRACACHA": "BOYACA",
    "ZETAQUIRA": "BOYACA"
},
{
    "LOS ANDES": "NARINO",
    "SANTA BARBARA": "NARINO",
    "SAN BERNARDO": "NARINO",
    "EL CHARCO": "NARINO",
    "LA CRUZ": "NARINO",
    "LA FLORIDA": "NARINO",
    "OLAYA HERRERA": "NARINO",
    "LA LLANADA": "NARINO",
    "SAN LORENZO": "NARINO",
    "SAN PABLO": "NARINO",
    "ROBERTO PAYAN": "NARINO",
    "EL PENOL": "NARINO",
    "FRANCISCO PIZARRO": "NARINO",
    "EL ROSARIO": "NARINO",
    "EL TAMBO": "NARINO",
    "LA TOLA": "NARINO",
    "LA UNION": "NARINO",
    "ALBAN": "NARINO",
    "ALDANA": "NARINO",
    "ANCUYA": "NARINO",
    "ARBOLEDA": "NARINO",
    "BARBACOAS": "NARINO",
    "BELEN": "NARINO",
    "BUESACO": "NARINO",
    "CHACHAGsI": "NARINO",
    "COLON": "NARINO",
    "CONSACA": "NARINO",
    "CONTADERO": "NARINO",
    "CORDOBA": "NARINO",
    "CUASPUD": "NARINO",
    "CUMBAL": "NARINO",
    "CUMBITARA": "NARINO",
    "FUNES": "NARINO",
    "GUACHUCAL": "NARINO",
    "GUAITARILLA": "NARINO",
    "GUALMATAN": "NARINO",
    "ILES": "NARINO",
    "IMUES": "NARINO",
    "IPIALES": "NARINO",
    "LEIVA": "NARINO",
    "LINARES": "NARINO",
    "MAGsI": "NARINO",
    "MALLAMA": "NARINO",
    "MOSQUERA": "NARINO",
    "NARINO": "NARINO",
    "OSPINA": "NARINO",
    "PASTO": "NARINO",
    "POLICARPA": "NARINO",
    "POTOSI": "NARINO",
    "PUERRES": "NARINO",
    "PUPIALES": "NARINO",
    "RICAURTE": "NARINO",
    "SAMANIEGO": "NARINO",
    "SANDONA": "NARINO",
    "SANTACRUZ": "NARINO",
    "SAPUYES": "NARINO",
    "TAMINANGO": "NARINO",
    "TANGUA": "NARINO",
    "TUQUERRES": "NARINO",
    "YACUANQUER": "NARINO"
},
{
    "SAN AGUSTIN": "HUILA",
    "LA ARGENTINA": "HUILA",
    "SANTA MARIA": "HUILA",
    "LA PLATA": "HUILA",
    "ACEVEDO": "HUILA",
    "AGRADO": "HUILA",
    "AIPE": "HUILA",
    "ALGECIRAS": "HUILA",
    "ALTAMIRA": "HUILA",
    "BARAYA": "HUILA",
    "CAMPOALEGRE": "HUILA",
    "COLOMBIA": "HUILA",
    "ELIAS": "HUILA",
    "GARZON": "HUILA",
    "GIGANTE": "HUILA",
    "GUADALUPE": "HUILA",
    "HOBO": "HUILA",
    "IQUIRA": "HUILA",
    "ISNOS": "HUILA",
    "NATAGA": "HUILA",
    "NEIVA": "HUILA",
    "OPORAPA": "HUILA",
    "PAICOL": "HUILA",
    "PALERMO": "HUILA",
    "PALESTINA": "HUILA",
    "PITAL": "HUILA",
    "PITALITO": "HUILA",
    "RIVERA": "HUILA",
    "SALADOBLANCO": "HUILA",
    "SUAZA": "HUILA",
    "TARQUI": "HUILA",
    "TELLO": "HUILA",
    "TERUEL": "HUILA",
    "TESALIA": "HUILA",
    "TIMANA": "HUILA",
    "VILLAVIEJA": "HUILA",
    "YAGUARA": "HUILA"
},
{
    "PUERTO COLOMBIA": "GUAINIA",
    "SAN FELIPE": "GUAINIA",
    "LA GUADALUPE": "GUAINIA",
    "BARRANCO MINAS": "GUAINIA",
    "PANA PANA": "GUAINIA",
    "CACAHUAL": "GUAINIA",
    "INIRIDA": "GUAINIA",
    "MAPIRIPANA": "GUAINIA",
    "MORICHAL": "GUAINIA"
},
{
    "VALLE DEL GUAMUEZ": "PUTUMAYO",
    "PUERTO ASIS": "PUTUMAYO",
    "PUERTO CAICEDO": "PUTUMAYO",
    "SAN FRANCISCO": "PUTUMAYO",
    "PUERTO GUZMAN": "PUTUMAYO",
    "SAN MIGUEL": "PUTUMAYO",
    "COLON": "PUTUMAYO",
    "LEGUIZAMO": "PUTUMAYO",
    "MOCOA": "PUTUMAYO",
    "ORITO": "PUTUMAYO",
    "SANTIAGO": "PUTUMAYO",
    "SIBUNDOY": "PUTUMAYO",
    "VILLAGARZON": "PUTUMAYO"
},
{
    "CARMEN DE APICALA": "TOLIMA",
    "SAN ANTONIO": "TOLIMA",
    "SANTA ISABEL": "TOLIMA",
    "SAN LUIS": "TOLIMA",
    "ALPUJARRA": "TOLIMA",
    "ALVARADO": "TOLIMA",
    "AMBALEMA": "TOLIMA",
    "ANZOATEGUI": "TOLIMA",
    "ARMERO": "TOLIMA",
    "ATACO": "TOLIMA",
    "CAJAMARCA": "TOLIMA",
    "CASABIANCA": "TOLIMA",
    "CHAPARRAL": "TOLIMA",
    "COELLO": "TOLIMA",
    "COYAIMA": "TOLIMA",
    "CUNDAY": "TOLIMA",
    "DOLORES": "TOLIMA",
    "ESPINAL": "TOLIMA",
    "FALAN": "TOLIMA",
    "FLANDES": "TOLIMA",
    "FRESNO": "TOLIMA",
    "GUAMO": "TOLIMA",
    "HERVEO": "TOLIMA",
    "HONDA": "TOLIMA",
    "IBAGUE": "TOLIMA",
    "ICONONZO": "TOLIMA",
    "LERIDA": "TOLIMA",
    "LIBANO": "TOLIMA",
    "MARIQUITA": "TOLIMA",
    "MELGAR": "TOLIMA",
    "MURILLO": "TOLIMA",
    "NATAGAIMA": "TOLIMA",
    "ORTEGA": "TOLIMA",
    "PALOCABILDO": "TOLIMA",
    "PIEDRAS": "TOLIMA",
    "PLANADAS": "TOLIMA",
    "PRADO": "TOLIMA",
    "PURIFICACION": "TOLIMA",
    "RIOBLANCO": "TOLIMA",
    "RONCESVALLES": "TOLIMA",
    "ROVIRA": "TOLIMA",
    "SALDANA": "TOLIMA",
    "SUAREZ": "TOLIMA",
    "VENADILLO": "TOLIMA",
    "VILLAHERMOSA": "TOLIMA",
    "VILLARRICA": "TOLIMA"
},
{
    "CARURU": "VAUPES",
    "MITU": "VAUPES",
    "PACOA": "VAUPES",
    "PAPUNAUA": "VAUPES",
    "TARAIRA": "VAUPES",
    "YAVARATE": "VAUPES"
},
{
    "AMAZONAS": "AMAZONAS",
    "MIRITI - PARANA": "AMAZONAS",
    "PUERTO ALEGRIA": "AMAZONAS",
    "PUERTO ARICA": "AMAZONAS",
    "LA CHORRERA": "AMAZONAS",
    "EL ENCANTO": "AMAZONAS",
    "PUERTO NARI": "AMAZONAS",
    "LA PEDRERA": "AMAZONAS",
    "PUERTO SANTANDER": "AMAZONAS",
    "LA VICTORIA": "AMAZONAS",
    "LETICIA": "AMAZONAS",
    "TARAPACA": "AMAZONAS"
},
{
    "PUERTO CARRENO": "VICHADA", 
    "LA PRIMAVERA": "VICHADA",
    "SANTA ROSALIA": "VICHADA",
    "CUMARIBO": "VICHADA"
},
{
    "JUAN DE ACOSTA": "ATLANTICO", 
    "PALMAR DE VARELA": "ATLANTICO",
    "PUERTO COLOMBIA": "ATLANTICO",
    "SANTA LUCIA": "ATLANTICO",
    "SANTO TOMAS": "ATLANTICO",
    "BARANOA": "ATLANTICO",
    "BARRANQUILLA": "ATLANTICO",
    "CANDELARIA": "ATLANTICO",
    "GALAPA": "ATLANTICO",
    "LURUACO": "ATLANTICO",
    "MALAMBO": "ATLANTICO",
    "MANATI": "ATLANTICO",
    "PIOJO": "ATLANTICO",
    "POLONUEVO": "ATLANTICO",
    "PONEDERA": "ATLANTICO",
    "REPELON": "ATLANTICO",
    "SABANAGRANDE": "ATLANTICO",
    "SABANALARGA": "ATLANTICO",
    "SOLEDAD": "ATLANTICO",
    "SUAN": "ATLANTICO",
    "TUBARA": "ATLANTICO",
    "USIACURI": "ATLANTICO"
},
{
    "META": "META",
    "VILLAV": "META",  
    "CASTILLA LA NUEVA": "META",
    "FUENTE DE ORO": "META",
    "BARRANCA DE UPIA": "META",
    "EL CALVARIO": "META",
    "EL CASTILLO": "META",
    "PUERTO CONCORDIA": "META",
    "EL DORADO": "META",
    "PUERTO GAITAN": "META",
    "SAN JUANITO": "META",
    "PUERTO LLERAS": "META",
    "PUERTO LOPEZ": "META",
    "LA MACARENA": "META",
    "SAN MARTIN": "META",
    "PUERTO RICO": "META",
    "ACACIAS": "META",
    "CABUYARO": "META",
    "CUBARRAL": "META",
    "CUMARAL": "META",
    "GRANADA": "META",
    "GUAMAL": "META",
    "LEJANIAS": "META",
    "MAPIRIPAN": "META",
    "MESETAS": "META",
    "RESTREPO": "META",
    "URIBE": "META",
    "VILLAVICENCIO": "META",
    "VISTAHERMOSA": "META"
},
{
    "MARIA LA BAJA": "BOLIVAR",
    "BARRANCO DE LOBA": "BOLIVAR",
    "HATILLO DE LOBA": "BOLIVAR",
    "SAN JUAN NEPOMUCENO": "BOLIVAR",
    "ALTOS DEL ROSARIO": "BOLIVAR",
    "SANTA CATALINA": "BOLIVAR",
    "SAN CRISTOBAL": "BOLIVAR",
    "SAN ESTANISLAO": "BOLIVAR",
    "SAN FERNANDO": "BOLIVAR",
    "EL GUAMO": "BOLIVAR",
    "SAN JACINTO": "BOLIVAR",
    "TALAIGUA NUEVO": "BOLIVAR",
    "SAN PABLO": "BOLIVAR",
    "EL PENON": "BOLIVAR",
    "SANTA ROSA": "BOLIVAR",
    "RIO VIEJO": "BOLIVAR",
    "ACHI": "BOLIVAR",
    "ARENAL": "BOLIVAR",
    "ARJONA": "BOLIVAR",
    "ARROYOHONDO": "BOLIVAR",
    "CALAMAR": "BOLIVAR",
    "CANTAGALLO": "BOLIVAR",
    "CARTAGENA": "BOLIVAR",
    "CICUCO": "BOLIVAR",
    "CLEMENCIA": "BOLIVAR",
    "MAGANGUE": "BOLIVAR",
    "MAHATES": "BOLIVAR",
    "MARGARITA": "BOLIVAR",
    "MOMPOS": "BOLIVAR",
    "MONTECRISTO": "BOLIVAR",
    "MORALES": "BOLIVAR",
    "NOROSI": "BOLIVAR",
    "PINILLOS": "BOLIVAR",
    "REGIDOR": "BOLIVAR",
    "SIMITI": "BOLIVAR",
    "SOPLAVIENTO": "BOLIVAR",
    "TIQUISIO": "BOLIVAR",
    "TURBACO": "BOLIVAR",
    "TURBANA": "BOLIVAR",
    "VILLANUEVA": "BOLIVAR",
    "ZAMBRANO": "BOLIVAR"
}]